{"pitch": [-1.9563590739157903, 9.14834240895901, 187.27353334919158, 65.86621301934498], "energy": [-1.3161753015835727, 19.491704130085832, 21.123963507444515, 16.029623086854375]}